who,side,sig_dt,sig_i,sig_lnF,sig_lnB,zsig,entry_dt,i0,Fe,Be,exit_dt,i1,Fx,Bx,reason,net
aarav,-1,2023-07-28 09:15:00+05:30,62,9.889999496305416,5.375880078495827,2.0543536454184026,2023-07-28 09:30:00+05:30,62,19748.0,216.34999999999994,2023-08-31 15:15:00+05:30,85,19254.0,213.19999999999993,expiry,0.0039035847142674567
aarav,-1,2023-09-01 09:15:00+05:30,86,9.872461173931006,5.360916508304556,3.2443583326519936,2023-09-01 09:30:00+05:30,86,19409.0,213.19000000000008,2023-09-28 15:15:00+05:30,104,19525.0,216.14000000000007,expiry,0.002300571356361234
aarav,-1,2023-09-29 09:15:00+05:30,105,9.885985277399985,5.3759726111136406,1.8707951163156924,2023-09-29 09:30:00+05:30,105,19669.3,216.16000000000003,2023-10-26 15:15:00+05:30,122,18859.0,208.80000000000007,expiry,0.001889897131655894
aarav,-1,2023-10-27 09:15:00+05:30,123,9.85466488783856,5.346059362533458,2.3266299557057297,2023-10-27 09:30:00+05:30,123,19066.4,209.9799999999999,2023-11-30 15:15:00+05:30,145,20134.0,222.23000000000005,expiry,-0.004512669884247733
aarav,-1,2023-12-01 09:15:00+05:30,146,9.92122677797233,5.407620101438487,3.5283870601533747,2023-12-01 09:30:00+05:30,146,20346.6,223.00000000000003,2023-12-28 15:15:00+05:30,164,21780.75,240.23999999999998,expiry,0.0008707538690132945
aarav,-1,2023-12-29 09:15:00+05:30,165,9.994741790846243,5.480222169845649,2.605072530192721,2023-12-29 09:30:00+05:30,165,21895.85,239.88999999999993,2024-01-25 15:15:00+05:30,184,21351.0,236.69999999999993,expiry,0.006296509417578212
aarav,-1,2024-01-29 09:15:00+05:30,185,9.985099797072786,5.47348841931315,2.046512636806539,2024-01-29 09:30:00+05:30,185,21692.6,238.39,2024-02-29 15:15:00+05:30,208,21985.7,243.89999999999992,expiry,0.0032330555605890156
aarav,-1,2024-03-01 09:15:00+05:30,209,10.009906258113462,5.49950156650782,1.9252104736428202,2024-03-01 09:30:00+05:30,209,22275.15,244.98000000000005,2024-03-28 15:15:00+05:30,227,22328.5,247.09999999999994,expiry,0.0007411884502345627
aarav,-1,2024-04-01 09:15:00+05:30,228,10.02577819144492,5.515764725317365,1.838491298863653,2024-04-01 09:30:00+05:30,228,22603.15,248.70000000000007,2024-04-25 15:15:00+05:30,244,22574.7,249.37999999999997,expiry,-0.0009599740287084986
aarav,-1,2024-04-26 09:15:00+05:30,245,10.029695002952407,5.520340290193543,1.943976195610075,2024-04-26 09:30:00+05:30,245,22689.0,249.76999999999992,2024-05-30 15:15:00+05:30,268,22487.75,250.9999999999999,expiry,0.007079808433530763
aarav,-1,2024-06-03 15:15:00+05:30,270,10.062625773874425,5.554121700101795,1.549826957726606,2024-06-04 09:15:00+05:30,271,22607.5,250.26999999999998,2024-06-27 15:15:00+05:30,287,24047.1,266.95,expiry,-0.0019817303615485274
aarav,-1,2024-10-03 14:00:00+05:30,354,10.145923797230747,5.643678550586496,1.5378307249900642,2024-10-03 14:15:00+05:30,354,25460.95,282.6,2024-10-31 15:15:00+05:30,374,24203.95,270.90000000000003,expiry,0.0026151915718521895
aarav,-1,2024-11-05 09:45:00+05:30,376,10.091459780838896,5.592478405097527,1.5254757639368977,2024-11-05 10:00:00+05:30,376,24102.7,268.2300000000001,2024-11-28 15:15:00+05:30,391,23912.55,268.40000000000003,expiry,0.003768755781227707
aarav,-1,2024-11-29 09:15:00+05:30,392,10.093694603604073,5.5939676086489944,1.8972070030547517,2024-11-29 09:30:00+05:30,392,24160.25,268.63999999999993,2024-12-26 15:15:00+05:30,410,23748.75,265.82,expiry,0.0011154950195803443
aarav,-1,2024-12-27 09:15:00+05:30,411,10.086102816193998,5.585749407744609,1.9106419841823334,2024-12-27 09:30:00+05:30,411,24020.0,266.65,2025-01-30 15:15:00+05:30,435,23249.0,260.70000000000005,expiry,0.0032792764039472054
aarav,-1,2025-01-31 09:30:00+05:30,436,10.063753070007035,5.564711959856561,1.5537383204997377,2025-01-31 09:45:00+05:30,436,23496.15,261.46999999999997,2025-02-27 15:15:00+05:30,455,22543.45,252.57999999999996,expiry,0.0013957926131594068
aarav,-1,2025-03-28 09:15:00+05:30,475,10.073502441995347,5.574053367981417,2.1175757724510276,2025-03-28 09:30:00+05:30,475,23662.4,263.24999999999994,2025-04-24 15:15:00+05:30,490,24248.0,270.9499999999999,expiry,-0.0008178908824932474
aarav,-1,2025-04-25 09:15:00+05:30,491,10.10419733814334,5.60525044359193,2.100734079331715,2025-04-25 09:30:00+05:30,491,24341.0,270.82000000000005,2025-05-29 15:15:00+05:30,514,24831.8,278.99999999999994,expiry,0.0035228728072570284
aarav,-1,2025-10-29 13:00:00+05:30,619,10.176182882679585,5.686229315408612,1.5008351104857487,2025-10-29 13:15:00+05:30,619,26259.1,294.59999999999997,2025-11-25 15:15:00+05:30,637,25884.0,292.7999999999999,expiry,0.0034916042597624643
aarav,-1,2025-11-26 09:15:00+05:30,638,10.17252565119344,5.683001368805979,1.927508544667955,2025-11-26 09:30:00+05:30,638,26220.0,294.3000000000001,2025-12-30 15:15:00+05:30,661,25937.4,293.50000000000006,expiry,0.002466289809687229
aarav,-1,2025-12-31 09:15:00+05:30,662,10.172636441606745,5.683545753154764,2.532029497581385,2025-12-31 09:30:00+05:30,662,26138.0,293.69,2026-01-27 15:15:00+05:30,679,25174.0,285.89,expiry,0.006048737380264132
aarav,-1,2026-01-28 09:15:00+05:30,680,10.145598087976351,5.658541006410512,2.391364731365385,2026-01-28 09:30:00+05:30,680,25419.1,286.1799999999999,2026-02-24 15:15:00+05:30,700,25423.4,288.00000000000006,expiry,0.0016061405774843419
aarav,-1,2026-02-25 09:15:00+05:30,701,10.156170488427632,5.668017118209458,3.225277922605948,2026-02-25 09:30:00+05:30,701,25720.0,289.3199999999999,2026-03-30 15:15:00+05:30,722,22330.0,255.26000000000008,expiry,0.010468486851595751
aarav,-1,2026-04-01 09:15:00+05:30,723,10.043166882803348,5.5606431687374025,1.7578418067033446,2026-04-01 09:30:00+05:30,723,22935.0,259.2900000000001,2026-04-28 15:15:00+05:30,740,23994.1,271.8000000000001,expiry,-0.0025962641841172727
aarav,-1,2026-04-29 09:15:00+05:30,741,10.094107912144779,5.6081522436409506,2.5655057568369526,2026-04-29 09:30:00+05:30,741,24229.2,272.8599999999999,2026-05-26 15:15:00+05:30,759,23911.2,271.06999999999994,expiry,0.0020380463836080437
aarav,-1,2026-05-27 10:00:00+05:30,760,10.086225689215299,5.602598410655186,1.6500804100919777,2026-05-27 10:15:00+05:30,760,24027.0,271.30000000000007,2026-06-30 15:15:00+05:30,782,23864.3,272.43,expiry,0.005359344677533374
meera,-1,2023-07-28 12:30:00+05:30,62,9.888982866333246,5.374120329963537,2.5536613374693395,2023-07-28 12:45:00+05:30,62,19702.2,215.68999999999994,2023-08-01 11:30:00+05:30,64,19824.0,217.5,closed,7.370075700830576e-05
meera,-1,2023-09-01 09:15:00+05:30,86,9.872461173931006,5.360916508304556,3.2443583326519936,2023-09-01 09:30:00+05:30,86,19409.0,213.19000000000008,2023-09-14 10:30:00+05:30,95,20129.85,221.67999999999998,closed,-0.0025210760750482035
meera,-1,2023-09-29 13:30:00+05:30,105,9.891063188785871,5.379205870281376,2.7217805389203833,2023-09-29 13:45:00+05:30,105,19775.25,216.9699999999999,2023-10-03 09:15:00+05:30,106,19594.75,215.51000000000005,closed,0.00030022202516765805
meera,-1,2023-10-27 09:45:00+05:30,123,9.856652725448548,5.346535938818511,3.0680248767367027,2023-10-27 10:00:00+05:30,123,19075.35,209.90999999999997,2023-11-30 10:00:00+05:30,145,20037.2,221.2899999999999,closed,-0.008474113904902015
meera,-1,2023-12-01 09:15:00+05:30,146,9.92122677797233,5.407620101438487,3.5283870601533747,2023-12-01 09:30:00+05:30,146,20346.6,223.00000000000003,2023-12-19 09:15:00+05:30,158,21502.55,236.46000000000006,closed,-0.0034153036632892197
meera,-1,2023-12-29 09:15:00+05:30,165,9.994741790846243,5.480222169845649,2.605072530192721,2023-12-29 09:30:00+05:30,165,21895.85,239.88999999999993,2024-01-05 13:00:00+05:30,170,21772.1,239.49999999999991,closed,0.0009272578684288242
meera,-1,2025-12-31 09:15:00+05:30,662,10.172636441606745,5.683545753154764,2.532029497581385,2025-12-31 09:30:00+05:30,662,26138.0,293.69,2026-01-09 09:15:00+05:30,669,25961.5,292.5500000000001,closed,-0.0008243917978660717
meera,-1,2026-01-29 10:00:00+05:30,681,10.139270884196774,5.651857401791282,2.587808196084292,2026-01-29 10:15:00+05:30,681,25292.5,284.5999999999999,2026-02-01 09:45:00+05:30,683,25403.3,287.0599999999999,closed,0.0024651284087359475
meera,-1,2026-02-25 09:15:00+05:30,701,10.156170488427632,5.668017118209458,3.225277922605948,2026-02-25 09:30:00+05:30,701,25720.0,289.3199999999999,2026-03-09 09:15:00+05:30,708,23832.8,269.3300000000001,closed,-7.4085030824731e-05
meera,-1,2026-04-01 11:30:00+05:30,723,10.039267664894165,5.554857008480675,2.5791459579990827,2026-04-01 11:45:00+05:30,723,22884.9,258.29,2026-04-01 14:45:00+05:30,723,22780.0,258.2,closed,0.00342981764154472
meera,-1,2026-04-01 15:00:00+05:30,723,10.034471954331547,5.54989287185648,2.6837297939360276,2026-04-01 15:15:00+05:30,723,22828.0,257.99,2026-04-16 14:00:00+05:30,732,24171.0,273.51999999999987,closed,-0.004374674016068606
meera,-1,2026-04-29 09:15:00+05:30,741,10.094107912144779,5.6081522436409506,2.5655057568369526,2026-04-29 09:30:00+05:30,741,24229.2,272.8599999999999,2026-05-11 09:45:00+05:30,748,23905.0,270.6799999999999,closed,0.0007555610350908991
rohan,-1,2023-07-28 12:30:00+05:30,62,9.888982866333246,5.374120329963537,2.5536613374693395,2023-07-28 12:45:00+05:30,62,19702.2,215.68999999999994,2023-08-31 15:15:00+05:30,85,19254.0,213.19999999999993,expiry,0.0228662112611697
rohan,-1,2023-09-01 09:15:00+05:30,86,9.872461173931006,5.360916508304556,3.2443583326519936,2023-09-01 09:30:00+05:30,86,19409.0,213.19000000000008,2023-09-28 15:15:00+05:30,104,19525.0,216.14000000000007,expiry,-0.006073768464125481
rohan,-1,2023-09-29 13:30:00+05:30,105,9.891063188785871,5.379205870281376,2.7217805389203833,2023-09-29 13:45:00+05:30,105,19775.25,216.9699999999999,2023-10-26 15:15:00+05:30,122,18859.0,208.80000000000007,expiry,0.047265223223717026
rohan,-1,2023-10-27 09:45:00+05:30,123,9.856652725448548,5.346535938818511,3.0680248767367027,2023-10-27 10:00:00+05:30,123,19075.35,209.90999999999997,2023-11-30 15:15:00+05:30,145,20134.0,222.23000000000005,expiry,-0.0541291668500934
rohan,-1,2023-12-01 09:15:00+05:30,146,9.92122677797233,5.407620101438487,3.5283870601533747,2023-12-01 09:30:00+05:30,146,20346.6,223.00000000000003,2023-12-28 15:15:00+05:30,164,21780.75,240.23999999999998,expiry,-0.06822767916786047
rohan,-1,2023-12-29 09:15:00+05:30,165,9.994741790846243,5.480222169845649,2.605072530192721,2023-12-29 09:30:00+05:30,165,21895.85,239.88999999999993,2024-01-25 15:15:00+05:30,184,21351.0,236.69999999999993,expiry,0.025051697017552985
rohan,-1,2025-12-31 09:15:00+05:30,662,10.172636441606745,5.683545753154764,2.532029497581385,2025-12-31 09:30:00+05:30,662,26138.0,293.69,2026-01-27 15:15:00+05:30,679,25174.0,285.89,expiry,0.03740996684859153
rohan,-1,2026-01-29 10:00:00+05:30,681,10.139270884196774,5.651857401791282,2.587808196084292,2026-01-29 10:15:00+05:30,681,25292.5,284.5999999999999,2026-02-24 15:15:00+05:30,700,25423.4,288.00000000000006,expiry,-0.00528245283148876
rohan,-1,2026-02-25 09:15:00+05:30,701,10.156170488427632,5.668017118209458,3.225277922605948,2026-02-25 09:30:00+05:30,701,25720.0,289.3199999999999,2026-03-30 15:15:00+05:30,722,22330.0,255.26000000000008,expiry,0.14102577062059612
rohan,-1,2026-04-01 11:30:00+05:30,723,10.039267664894165,5.554857008480675,2.5791459579990827,2026-04-01 11:45:00+05:30,723,22884.9,258.29,2026-04-28 15:15:00+05:30,740,23994.1,271.8000000000001,expiry,-0.04745890145220466
rohan,-1,2026-04-29 09:15:00+05:30,741,10.094107912144779,5.6081522436409506,2.5655057568369526,2026-04-29 09:30:00+05:30,741,24229.2,272.8599999999999,2026-05-26 15:15:00+05:30,759,23911.2,271.06999999999994,expiry,0.013063361053813534
kavya,-1,2023-07-28 12:30:00+05:30,62,9.888982866333246,5.374120329963537,2.5536613374693395,2023-07-28 12:45:00+05:30,62,19702.2,215.68999999999994,2023-08-31 15:15:00+05:30,85,19254.0,213.19999999999993,expiry,0.004184287261042143
kavya,-1,2023-09-01 09:15:00+05:30,86,9.872461173931006,5.360916508304556,3.2443583326519936,2023-09-01 09:30:00+05:30,86,19409.0,213.19000000000008,2023-09-28 15:15:00+05:30,104,19525.0,216.14000000000007,expiry,0.001988776835813287
kavya,-1,2023-09-29 13:30:00+05:30,105,9.891063188785871,5.379205870281376,2.7217805389203833,2023-09-29 13:45:00+05:30,105,19775.25,216.9699999999999,2023-10-26 15:15:00+05:30,122,18859.0,208.80000000000007,expiry,0.0032029703982908307
kavya,-1,2023-10-27 09:45:00+05:30,123,9.856652725448548,5.346535938818511,3.0680248767367027,2023-10-27 10:00:00+05:30,123,19075.35,209.90999999999997,2023-11-30 15:15:00+05:30,145,20134.0,222.23000000000005,expiry,-0.004165577340165081
kavya,-1,2023-12-01 09:15:00+05:30,146,9.92122677797233,5.407620101438487,3.5283870601533747,2023-12-01 09:30:00+05:30,146,20346.6,223.00000000000003,2023-12-28 15:15:00+05:30,164,21780.75,240.23999999999998,expiry,0.000558959348465348
kavya,-1,2023-12-29 09:15:00+05:30,165,9.994741790846243,5.480222169845649,2.605072530192721,2023-12-29 09:30:00+05:30,165,21895.85,239.88999999999993,2024-01-25 15:15:00+05:30,184,21351.0,236.69999999999993,expiry,0.005984714897030266
kavya,1,2024-06-04 11:00:00+05:30,271,10.006165974594424,5.517693831293003,-5.7912342103405585,2024-06-04 11:15:00+05:30,271,22323.65,250.9999999999999,2024-06-27 15:15:00+05:30,287,24047.1,266.95,expiry,0.016807040394610003
kavya,1,2024-08-05 14:15:00+05:30,313,10.08828520793285,5.597347307693379,-2.8780079427427205,2024-08-05 14:30:00+05:30,313,24103.75,269.7999999999999,2024-08-29 15:15:00+05:30,330,25155.65,279.9999999999999,expiry,0.009889907895442519
kavya,1,2025-04-07 09:15:00+05:30,480,10.00604414086122,5.521260897859579,-2.5225353334006404,2025-04-07 09:30:00+05:30,480,22112.75,247.82999999999993,2025-04-24 15:15:00+05:30,490,24248.0,270.9499999999999,expiry,0.005601546602992762
kavya,1,2025-07-25 12:15:00+05:30,555,10.120584862113937,5.63507527664641,-2.5226418694724595,2025-07-25 12:30:00+05:30,555,24874.8,280.3299999999999,2025-07-31 15:15:00+05:30,559,24766.8,279.34,expiry,-0.00021537111973438734
kavya,-1,2025-12-31 09:15:00+05:30,662,10.172636441606745,5.683545753154764,2.532029497581385,2025-12-31 09:30:00+05:30,662,26138.0,293.69,2026-01-27 15:15:00+05:30,679,25174.0,285.89,expiry,0.0057369428597161855
kavya,-1,2026-01-29 10:00:00+05:30,681,10.139270884196774,5.651857401791282,2.587808196084292,2026-01-29 10:15:00+05:30,681,25292.5,284.5999999999999,2026-02-24 15:15:00+05:30,700,25423.4,288.00000000000006,expiry,0.0020023690459658895
kavya,-1,2026-02-25 09:15:00+05:30,701,10.156170488427632,5.668017118209458,3.225277922605948,2026-02-25 09:30:00+05:30,701,25720.0,289.3199999999999,2026-03-30 15:15:00+05:30,722,22330.0,255.26000000000008,expiry,0.01003340465981493
kavya,-1,2026-04-01 11:30:00+05:30,723,10.039267664894165,5.554857008480675,2.5791459579990827,2026-04-01 11:45:00+05:30,723,22884.9,258.29,2026-04-28 15:15:00+05:30,740,23994.1,271.8000000000001,expiry,-0.001230740579046108
kavya,-1,2026-04-29 09:15:00+05:30,741,10.094107912144779,5.6081522436409506,2.5655057568369526,2026-04-29 09:30:00+05:30,741,24229.2,272.8599999999999,2026-05-26 15:15:00+05:30,759,23911.2,271.06999999999994,expiry,0.0017262518630600983
signal,1,2023-07-26 14:00:00+05:30,60,9.89340943851904,5.384816112164653,-2.3381620497263578,2023-07-26 14:15:00+05:30,60,19825.65,218.3600000000001,2023-07-27 15:15:00+05:30,61,19658.2,217.02,expiry,-0.002815270526918391
signal,-1,2023-07-28 09:15:00+05:30,62,9.889999496305416,5.375880078495827,2.0543536454184026,2023-07-28 09:30:00+05:30,62,19748.0,216.34999999999994,2023-08-31 15:15:00+05:30,85,19254.0,213.19999999999993,expiry,0.0039035847142674567
signal,-1,2023-09-01 09:15:00+05:30,86,9.872461173931006,5.360916508304556,3.2443583326519936,2023-09-01 09:30:00+05:30,86,19409.0,213.19000000000008,2023-09-28 15:15:00+05:30,104,19525.0,216.14000000000007,expiry,0.002300571356361234
signal,-1,2023-09-29 09:30:00+05:30,105,9.886814323561254,5.376018874211889,2.253390894488521,2023-09-29 09:45:00+05:30,105,19668.7,216.3700000000001,2023-10-26 15:15:00+05:30,122,18859.0,208.80000000000007,expiry,0.000888401057658609
signal,-1,2023-10-27 09:15:00+05:30,123,9.85466488783856,5.346059362533458,2.3266299557057297,2023-10-27 09:30:00+05:30,123,19066.4,209.9799999999999,2023-11-30 15:15:00+05:30,145,20134.0,222.23000000000005,expiry,-0.004512669884247733
signal,-1,2023-12-01 09:15:00+05:30,146,9.92122677797233,5.407620101438487,3.5283870601533747,2023-12-01 09:30:00+05:30,146,20346.6,223.00000000000003,2023-12-28 15:15:00+05:30,164,21780.75,240.23999999999998,expiry,0.0008707538690132945
signal,-1,2023-12-29 09:15:00+05:30,165,9.994741790846243,5.480222169845649,2.605072530192721,2023-12-29 09:30:00+05:30,165,21895.85,239.88999999999993,2024-01-25 15:15:00+05:30,184,21351.0,236.69999999999993,expiry,0.006296509417578212
signal,-1,2024-01-29 09:15:00+05:30,185,9.985099797072786,5.47348841931315,2.046512636806539,2024-01-29 09:30:00+05:30,185,21692.6,238.39,2024-02-29 15:15:00+05:30,208,21985.7,243.89999999999992,expiry,0.0032330555605890156
signal,-1,2024-03-01 11:15:00+05:30,209,10.014935005148294,5.504111279527133,2.0317083372311675,2024-03-01 11:30:00+05:30,209,22392.0,246.11999999999992,2024-03-28 15:15:00+05:30,227,22328.5,247.09999999999994,expiry,0.0013270311358881048
signal,-1,2024-04-01 11:45:00+05:30,228,10.026236017795181,5.515523325195493,2.1092889889966515,2024-04-01 12:00:00+05:30,228,22596.95,248.3599999999999,2024-04-25 15:15:00+05:30,244,22574.7,249.37999999999997,expiry,0.00013407791066203056
signal,-1,2024-04-26 11:15:00+05:30,245,10.027475740795246,5.518055124727414,2.0000917824265767,2024-04-26 11:30:00+05:30,245,22649.0,249.35000000000005,2024-05-30 15:15:00+05:30,268,22487.75,250.9999999999999,expiry,0.0070004695786821235
signal,1,2024-06-04 10:45:00+05:30,271,10.017048353759291,5.519418834228022,-2.2356965181460975,2024-06-04 11:00:00+05:30,271,22162.7,249.06000000000012,2024-06-27 15:15:00+05:30,287,24047.1,266.95,expiry,0.01555992241977363
signal,1,2024-07-23 13:15:00+05:30,304,10.09823162932864,5.603151497817383,-2.101408342882467,2024-07-23 13:30:00+05:30,304,24322.0,271.29000000000013,2024-07-25 15:15:00+05:30,306,24408.0,272.0999999999999,expiry,0.00023242286806400949
signal,1,2024-08-05 09:15:00+05:30,313,10.096641888994572,5.60285655606624,-2.097855070830661,2024-08-05 09:30:00+05:30,313,24308.05,270.75999999999993,2024-08-29 15:15:00+05:30,330,25155.65,279.9999999999999,expiry,0.00427564371688268
signal,-1,2024-11-29 11:00:00+05:30,392,10.097047801308664,5.596753901897678,2.066550540852741,2024-11-29 11:15:00+05:30,392,24281.45,269.7999999999999,2024-12-26 15:15:00+05:30,410,23748.75,265.82,expiry,0.0018043289390751885
signal,-1,2024-12-27 09:30:00+05:30,411,10.086642095633975,5.585936937046611,2.015521981919728,2024-12-27 09:45:00+05:30,411,24097.0,267.23999999999995,2025-01-30 15:15:00+05:30,435,23249.0,260.70000000000005,expiry,0.004265477198800686
signal,-1,2025-03-28 09:15:00+05:30,475,10.073502441995347,5.574053367981417,2.1175757724510276,2025-03-28 09:30:00+05:30,475,23662.4,263.24999999999994,2025-04-24 15:15:00+05:30,490,24248.0,270.9499999999999,expiry,-0.0008178908824932474
signal,-1,2025-04-25 09:15:00+05:30,491,10.10419733814334,5.60525044359193,2.100734079331715,2025-04-25 09:30:00+05:30,491,24341.0,270.82000000000005,2025-05-29 15:15:00+05:30,514,24831.8,278.99999999999994,expiry,0.0035228728072570284
signal,1,2025-06-23 15:15:00+05:30,531,10.12635106464302,5.638212310446752,-2.2241671882559335,2025-06-24 09:15:00+05:30,532,25218.5,283.0,2025-06-26 15:15:00+05:30,534,25552.0,286.40000000000003,expiry,0.0008109990368570307
signal,1,2025-07-18 10:45:00+05:30,550,10.125882823958756,5.638746051808365,-2.104479355591143,2025-07-18 11:00:00+05:30,550,25014.6,281.4,2025-07-31 15:15:00+05:30,559,24766.8,279.34,expiry,-0.0013250924908216099
signal,1,2025-08-01 15:15:00+05:30,560,10.111030037621687,5.625676778652579,-2.182185670491398,2025-08-04 09:15:00+05:30,561,24737.0,277.99999999999994,2025-08-28 15:15:00+05:30,577,24503.0,277.04999999999995,expiry,-0.003144732608505531
signal,-1,2025-11-26 09:45:00+05:30,638,10.176829799383084,5.68697535633982,2.0513131057929233,2025-11-26 10:00:00+05:30,638,26282.9,294.95,2025-12-30 15:15:00+05:30,661,25937.4,293.50000000000006,expiry,0.0026531225318802525
signal,-1,2025-12-31 09:15:00+05:30,662,10.172636441606745,5.683545753154764,2.532029497581385,2025-12-31 09:30:00+05:30,662,26138.0,293.69,2026-01-27 15:15:00+05:30,679,25174.0,285.89,expiry,0.006048737380264132
signal,-1,2026-01-28 09:15:00+05:30,680,10.145598087976351,5.658541006410512,2.391364731365385,2026-01-28 09:30:00+05:30,680,25419.1,286.1799999999999,2026-02-24 15:15:00+05:30,700,25423.4,288.00000000000006,expiry,0.0016061405774843419
signal,-1,2026-02-25 09:15:00+05:30,701,10.156170488427632,5.668017118209458,3.225277922605948,2026-02-25 09:30:00+05:30,701,25720.0,289.3199999999999,2026-03-30 15:15:00+05:30,722,22330.0,255.26000000000008,expiry,0.010468486851595751
signal,-1,2026-04-01 09:45:00+05:30,723,10.042383903003374,5.559103463286757,2.081721665046966,2026-04-01 10:00:00+05:30,723,22964.0,259.3299999999999,2026-04-28 15:15:00+05:30,740,23994.1,271.8000000000001,expiry,-0.0014868754524432837
signal,-1,2026-04-29 09:15:00+05:30,741,10.094107912144779,5.6081522436409506,2.5655057568369526,2026-04-29 09:30:00+05:30,741,24229.2,272.8599999999999,2026-05-26 15:15:00+05:30,759,23911.2,271.06999999999994,expiry,0.0020380463836080437
signal,-1,2026-05-29 15:00:00+05:30,761,10.075135683773608,5.590501788197235,2.1301529407533986,2026-05-29 15:15:00+05:30,761,23744.4,268.24999999999994,2026-06-30 15:15:00+05:30,782,23864.3,272.43,expiry,0.005132374459750626
signal,1,2026-07-20 09:45:00+05:30,796,10.093194271761988,5.618188274814676,-2.0316585709621395,2026-07-20 10:00:00+05:30,796,24190.0,275.6,2026-07-28 15:15:00+05:30,802,23983.2,273.81000000000006,expiry,-0.0015966002678089522
