trade,entry_date,direction,net_bp,win,half
1,2023-07-26,"buy futures, sell ETF",-28.1527,0,First
2,2023-07-28,"sell futures, buy ETF",39.0358,1,First
3,2023-09-01,"sell futures, buy ETF",23.0057,1,First
4,2023-09-29,"sell futures, buy ETF",8.884,1,First
5,2023-10-27,"sell futures, buy ETF",-45.1267,0,First
6,2023-12-01,"sell futures, buy ETF",8.7075,1,First
7,2023-12-29,"sell futures, buy ETF",62.9651,1,First
8,2024-01-29,"sell futures, buy ETF",32.3306,1,First
9,2024-03-01,"sell futures, buy ETF",13.2703,1,First
10,2024-04-01,"sell futures, buy ETF",1.3408,1,First
11,2024-04-26,"sell futures, buy ETF",70.0047,1,First
12,2024-06-04,"buy futures, sell ETF",155.5992,1,First
13,2024-07-23,"buy futures, sell ETF",2.3242,1,First
14,2024-08-05,"buy futures, sell ETF",42.7564,1,First
15,2024-11-29,"sell futures, buy ETF",18.0433,1,First
16,2024-12-27,"sell futures, buy ETF",42.6548,1,Second
17,2025-03-28,"sell futures, buy ETF",-8.1789,0,Second
18,2025-04-25,"sell futures, buy ETF",35.2287,1,Second
19,2025-06-24,"buy futures, sell ETF",8.11,1,Second
20,2025-07-18,"buy futures, sell ETF",-13.2509,0,Second
21,2025-08-04,"buy futures, sell ETF",-31.4473,0,Second
22,2025-11-26,"sell futures, buy ETF",26.5312,1,Second
23,2025-12-31,"sell futures, buy ETF",60.4874,1,Second
24,2026-01-28,"sell futures, buy ETF",16.0614,1,Second
25,2026-02-25,"sell futures, buy ETF",104.6849,1,Second
26,2026-04-01,"sell futures, buy ETF",-14.8688,0,Second
27,2026-04-29,"sell futures, buy ETF",20.3805,1,Second
28,2026-05-29,"sell futures, buy ETF",51.3237,1,Second
29,2026-07-20,"buy futures, sell ETF",-15.966,0,Second
